INSERT INTO langile_typ (nan, izena, abizena, kontratatze_data, soldata_oinarria, mota)
VALUES ('11111111A', 'Mikel', 'Clavero', TO_DATE('2020-05-15', 'YYYY-MM-DD'), 25000.00, 'ADMINISTRARI');

INSERT INTO langile_typ (nan, izena, abizena, kontratatze_data, soldata_oinarria, mota)
VALUES ('22222222B', 'Xabier', 'Lopez', TO_DATE('2023-10-01', 'YYYY-MM-DD'), 22000.00, 'ADMINISTRARI');

INSERT INTO langile_typ (nan, izena, abizena, kontratatze_data, soldata_oinarria, mota)
VALUES ('33333333C', 'Sean', 'Alberdi', TO_DATE('2018-01-01', 'YYYY-MM-DD'), 30000.00, 'TEKNIKARI');

INSERT INTO langile_typ (nan, izena, abizena, kontratatze_data, soldata_oinarria, mota)
VALUES ('44444444D', 'Erlantz', 'García', TO_DATE('2024-01-20', 'YYYY-MM-DD'), 28000.00, 'TEKNIKARI');

INSERT INTO helbide_typ (langile_nan, helbidea, postakodea, herria, probintzia)
VALUES ('11111111A', 'Kale Nagusia 1', '48920', 'Portugalete', 'Bizkaia');

INSERT INTO helbide_typ (langile_nan, helbidea, postakodea, herria, probintzia)
VALUES ('22222222B', 'Kale Nagusia 2', '48980', 'Santurtzi', 'Bizkaia');

INSERT INTO helbide_typ (langile_nan, helbidea, postakodea, herria, probintzia)
VALUES ('33333333C', 'Kale Nagusia 3', '48920', 'Portugalete', 'Bizkaia');

INSERT INTO helbide_typ (langile_nan, helbidea, postakodea, herria, probintzia)
VALUES ('44444444D', 'Kale Nagusia 4', '48980', 'Santurtzi', 'Bizkaia');

INSERT INTO administrari_typ (langile_nan, ikasketak)
VALUES ('11111111A', 'Informatika');

INSERT INTO administrari_typ (langile_nan, ikasketak)
VALUES ('22222222B', 'Segurtasuna');

INSERT INTO teknikari_typ (langile_nan, eginkizuna)
VALUES ('33333333C', 'Serbitzu Instalazioak');

INSERT INTO teknikari_typ (langile_nan, eginkizuna)
VALUES ('44444444D', 'Aplikazioen Mantenimendua');

INSERT INTO telefono_typ (langile_nan, telefono_zenbakia)
VALUES ('11111111A', '600111111');

INSERT INTO telefono_typ (langile_nan, telefono_zenbakia)
VALUES ('11111111A', '944111111');

INSERT INTO telefono_typ (langile_nan, telefono_zenbakia)
VALUES ('22222222B', '600222222');

INSERT INTO telefono_typ (langile_nan, telefono_zenbakia)
VALUES ('33333333C', '600333333');

INSERT INTO telefono_typ (langile_nan, telefono_zenbakia)
VALUES ('44444444D', '600444444');

INSERT INTO telefono_typ (langile_nan, telefono_zenbakia)
VALUES ('44444444D', '943555555');

